{
  "verdict": "H5_REJECTED",
  "n_seeds": 30,
  "mean_A": 0.00801841497859073,
  "mean_B": 0.007862266085704332,
  "mean_R": 0.007415396664044501,
  "mean_P": 0.0017842988057478804,
  "delta_AR": 0.0006030183145462296,
  "delta_AB": 0.00015614889288639855,
  "delta_AP": 0.006234116172842851,
  "sigma_pooled_AR": 0.001013231228126521,
  "cohen_d_AR": 0.5951438307534392,
  "cohen_d_AB": 0.1449089322724972,
  "cohen_d_AP": 6.293313587847091,
  "wilcoxon_AR_pvalue": 0.0005548261106014252,
  "wilcoxon_AB_pvalue": 0.23665234446525574,
  "wilcoxon_AP_pvalue": 1.862645149230957e-09,
  "threshold_sigma": 3.0,
  "min_seeds_required": 30
}