{
  "verdict": "H6_SIGNATURE_DETECTED",
  "n_seeds": 30,
  "delta_real_vs_markov": [
    2.0800589323043823,
    2.2945467233657837,
    2.4627798795700073,
    1.9471999406814575,
    1.7759064435958862,
    1.9357327222824097,
    2.690670132637024,
    2.2391399145126343,
    1.672556757926941,
    2.4014662504196167,
    2.4734911918640137,
    1.9233925342559814,
    2.5189592242240906,
    2.5344969034194946,
    1.7538028955459595,
    1.9086856842041016,
    2.326406478881836,
    2.2134029865264893,
    3.2133936882019043,
    2.4284796714782715,
    1.7574197053909302,
    2.7232117652893066,
    1.7924144268035889,
    2.042673110961914,
    2.3235634565353394,
    2.1368751525878906,
    3.0459316968917847,
    2.2366669178009033,
    2.577592968940735,
    2.4965953826904297
  ],
  "delta_markov_self": [
    0.5354952812194824,
    2.362163782119751,
    0.7957890033721924,
    0.639235258102417,
    1.1762914061546326,
    1.1390185952186584,
    0.8317099809646606,
    0.8088424205780029,
    0.7743847966194153,
    0.6091934144496918,
    0.6617962718009949,
    0.9456301927566528,
    0.6300402283668518,
    1.4184763431549072,
    0.7143981456756592,
    0.8194738626480103,
    0.8320071697235107,
    0.6184964179992676,
    1.3588297367095947,
    1.3048741817474365,
    0.9701439142227173,
    0.6361637115478516,
    0.7060761451721191,
    0.7472079992294312,
    1.646859884262085,
    0.9419717788696289,
    0.6621708869934082,
    1.4581847190856934,
    0.9248327612876892,
    0.6573300361633301
  ],
  "paired_diff": [
    1.5445636510849,
    -0.06761705875396729,
    1.666990876197815,
    1.3079646825790405,
    0.5996150374412537,
    0.7967141270637512,
    1.8589601516723633,
    1.4302974939346313,
    0.8981719613075256,
    1.792272835969925,
    1.8116949200630188,
    0.9777623414993286,
    1.8889189958572388,
    1.1160205602645874,
    1.0394047498703003,
    1.0892118215560913,
    1.4943993091583252,
    1.5949065685272217,
    1.8545639514923096,
    1.123605489730835,
    0.7872757911682129,
    2.087048053741455,
    1.0863382816314697,
    1.295465111732483,
    0.6767035722732544,
    1.1949033737182617,
    2.3837608098983765,
    0.77848219871521,
    1.6527602076530457,
    1.8392653465270996
  ],
  "paired_mean": 1.3200141737858455,
  "paired_std": 0.5265822659860981,
  "cohen_d": 2.5067577452763934,
  "wilcoxon_statistic": 464.0,
  "wilcoxon_pvalue": 1.862645149230957e-09,
  "cohen_d_detect_threshold": 0.5,
  "cohen_d_reject_threshold": 0.2,
  "p_threshold": 0.01,
  "n_required": 30,
  "test_alternative": "greater",
  "test_kind": "paired_wilcoxon_signed_rank"
}