{
  "verdict": "H6_GAMMA_FEEDBACK_ONLY",
  "n_seeds": 30,
  "delta_real_vs_shuffled": [
    2.884547710418701,
    2.2973259687423706,
    2.173988699913025,
    1.9759024381637573,
    1.9392331838607788,
    1.993462324142456,
    1.5391005277633667,
    2.162672758102417,
    1.540360450744629,
    1.9831393957138062,
    2.0233694314956665,
    2.2798221111297607,
    1.4793704748153687,
    1.599331021308899,
    2.0816718339920044,
    1.8415749073028564,
    2.823594331741333,
    2.0869150161743164,
    1.7220232486724854,
    2.29868221282959,
    2.0467315912246704,
    1.8096126317977905,
    2.4403891563415527,
    2.9908008575439453,
    3.1024203300476074,
    1.841439962387085,
    1.8933770656585693,
    2.148164749145508,
    3.1508607864379883,
    2.2579013109207153
  ],
  "delta_real_vs_markov": [
    2.076642155647278,
    2.270188808441162,
    2.2366565465927124,
    2.4153215885162354,
    1.8960331678390503,
    2.66325306892395,
    2.0857309103012085,
    2.805217981338501,
    1.8134427070617676,
    2.0037789344787598,
    2.1200743913650513,
    2.567806839942932,
    2.152266025543213,
    1.8207635879516602,
    2.8820263147354126,
    2.1366764307022095,
    2.365457534790039,
    2.5164318084716797,
    2.08172345161438,
    2.3213858604431152,
    2.40144145488739,
    2.070674419403076,
    3.1783708333969116,
    2.822234034538269,
    3.258187770843506,
    2.0669089555740356,
    2.3258954286575317,
    2.5303423404693604,
    2.2883983850479126,
    2.266894578933716
  ],
  "delta_shuffled_vs_markov": [
    1.4042887687683105,
    0.7441849708557129,
    1.151857614517212,
    1.020900011062622,
    0.723404049873352,
    1.5074074268341064,
    1.3141071200370789,
    1.6018283367156982,
    0.6468662023544312,
    0.7413772344589233,
    0.9063510894775391,
    1.5165603160858154,
    1.248598575592041,
    1.0180822014808655,
    1.5511548519134521,
    0.7864432334899902,
    1.668034553527832,
    1.1532052755355835,
    1.1456618309020996,
    0.7819678783416748,
    1.415510356426239,
    0.7778329849243164,
    2.403020977973938,
    1.3507230281829834,
    1.1232776641845703,
    0.7183346748352051,
    1.1521008014678955,
    1.1682831645011902,
    1.0976016521453857,
    1.001330018043518
  ],
  "gamma1_paired_diff": [
    0.8079055547714233,
    0.027137160301208496,
    -0.0626678466796875,
    -0.439419150352478,
    0.043200016021728516,
    -0.6697907447814941,
    -0.5466303825378418,
    -0.642545223236084,
    -0.27308225631713867,
    -0.020639538764953613,
    -0.09670495986938477,
    -0.2879847288131714,
    -0.6728955507278442,
    -0.22143256664276123,
    -0.8003544807434082,
    -0.295101523399353,
    0.45813679695129395,
    -0.4295167922973633,
    -0.35970020294189453,
    -0.02270364761352539,
    -0.3547098636627197,
    -0.26106178760528564,
    -0.7379816770553589,
    0.16856682300567627,
    -0.15576744079589844,
    -0.22546899318695068,
    -0.4325183629989624,
    -0.38217759132385254,
    0.8624624013900757,
    -0.008993268013000488
  ],
  "gamma1_paired_mean": -0.2010813275973002,
  "gamma1_paired_std": 0.39999137441879407,
  "gamma1_cohen_d": -0.5027141594977659,
  "gamma1_wilcoxon_statistic": 99.0,
  "gamma1_wilcoxon_pvalue": 0.9976675976067781,
  "gamma1_rejects_null": false,
  "gamma2_wilcoxon_statistic": 465.0,
  "gamma2_wilcoxon_pvalue": 9.313225746154785e-10,
  "gamma2_rejects_null": true,
  "alpha_gamma1": 0.005,
  "alpha_gamma2": 0.05,
  "cohen_d_detect_threshold": 0.5,
  "n_required": 30,
  "test_alternative": "greater",
  "test_kind": "paired_wilcoxon_signed_rank + one_sample_wilcoxon"
}